Package,Versions,Count
@ahmedhfarag/ngx-perfect-scrollbar,20.0.20,1
@ahmedhfarag/ngx-virtual-scroller,4.0.4,1
@art-ws/common,"2.0.22, 2.0.28",2
@art-ws/config-eslint,"2.0.4, 2.0.5",2
@art-ws/config-ts,"2.0.7, 2.0.8",2
@art-ws/db-context,"2.0.21, 2.0.24",2
@art-ws/di,"2.0.28, 2.0.32",2
@art-ws/di-node,2.0.13,1
@art-ws/eslint,"1.0.5, 1.0.6",2
@art-ws/fastify-http-server,"2.0.24, 2.0.27",2
@art-ws/http-server,"2.0.21, 2.0.25",2
@art-ws/openapi,"0.1.9, 0.1.12",2
@art-ws/package-base,"1.0.5, 1.0.6",2
@art-ws/prettier,"1.0.5, 1.0.6",2
@art-ws/slf,"2.0.15, 2.0.22",2
@art-ws/ssl-info,"1.0.9, 1.0.10",2
@art-ws/web-app,"1.0.3, 1.0.4",2
@basic-ui-components-stc/basic-ui-components,1.0.5,1
@coveops/abi,2.0.1,1
@crowdstrike/commitlint,"8.1.1, 8.1.2",2
@crowdstrike/falcon-shoelace,"0.4.1, 0.4.2",2
@crowdstrike/foundry-js,"0.19.1, 0.19.2",2
@crowdstrike/glide-core,"0.34.2, 0.34.3",2
@crowdstrike/logscale-dashboard,"1.205.1, 1.205.2",2
@crowdstrike/logscale-file-editor,"1.205.1, 1.205.2",2
@crowdstrike/logscale-parser-edit,"1.205.1, 1.205.2",2
@crowdstrike/logscale-search,"1.205.1, 1.205.2",2
@crowdstrike/tailwind-toucan-base,"5.0.1, 5.0.2",2
@ctrl/deluge,"1.2.0, 7.2.1, 7.2.2",3
@ctrl/golang-template,"1.4.2, 1.4.3",2
@ctrl/magnet-link,"4.0.3, 4.0.4",2
@ctrl/ngx-codemirror,"7.0.1, 7.0.2",2
@ctrl/ngx-csv,"6.0.1, 6.0.2",2
@ctrl/ngx-emoji-mart,"9.2.1, 9.2.2",2
@ctrl/ngx-rightclick,"4.0.1, 4.0.2",2
@ctrl/qbittorrent,"9.7.1, 9.7.2",2
@ctrl/react-adsense,"2.0.1, 2.0.2",2
@ctrl/shared-torrent,"6.3.1, 6.3.2",2
@ctrl/tinycolor,"4.1.1, 4.1.2",2
@ctrl/torrent-file,"4.1.1, 4.1.2",2
@ctrl/transmission,7.3.1,1
@ctrl/ts-base32,"4.0.1, 4.0.2",2
@duckdb/duckdb-wasm,1.29.2,1
@duckdb/node-api,1.3.3,1
@duckdb/node-bindings,1.3.3,1
@hestjs/core,"0.2.1, 1.0.1, 1.0.2",3
@hestjs/cqrs,0.1.6,1
@hestjs/demo,0.1.2,1
@hestjs/eslint-config,0.1.2,1
@hestjs/logger,0.1.6,1
@hestjs/scalar,0.1.7,1
@hestjs/validation,0.1.6,1
@nativescript-community/arraybuffers,"1.1.6, 1.1.7, 1.1.8",3
@nativescript-community/gesturehandler,2.0.35,1
@nativescript-community/perms,"3.0.5, 3.0.6, 3.0.7, 3.0.8, 3.0.9",5
@nativescript-community/push,1.0.0,1
@nativescript-community/sentry,4.6.43,1
@nativescript-community/sqlite,"3.5.2, 3.5.3, 3.5.4, 3.5.5",4
@nativescript-community/text,"1.6.9, 1.6.10, 1.6.11, 1.6.12, 1.6.13",5
@nativescript-community/typeorm,"0.2.30, 0.2.31, 0.2.32, 0.2.33",4
@nativescript-community/ui-collectionview,6.0.6,1
@nativescript-community/ui-document-picker,"1.1.27, 1.1.28",2
@nativescript-community/ui-drawer,0.1.30,1
@nativescript-community/ui-image,4.5.6,1
@nativescript-community/ui-label,"1.3.35, 1.3.36, 1.3.37",3
@nativescript-community/ui-material-activityindicator,7.2.49,1
@nativescript-community/ui-material-bottom-navigation,"7.2.72, 7.2.73, 7.2.74, 7.2.75",4
@nativescript-community/ui-material-bottomnavigationbar,7.2.49,1
@nativescript-community/ui-material-bottomsheet,"7.2.49, 7.2.72",2
@nativescript-community/ui-material-button,7.2.49,1
@nativescript-community/ui-material-cardview,7.2.49,1
@nativescript-community/ui-material-core,"7.2.49, 7.2.72, 7.2.73, 7.2.74, 7.2.75, 7.2.76",6
@nativescript-community/ui-material-core-tabs,"7.2.72, 7.2.73, 7.2.74, 7.2.75, 7.2.76",5
@nativescript-community/ui-material-dialogs,7.2.49,1
@nativescript-community/ui-material-floatingactionbutton,7.2.49,1
@nativescript-community/ui-material-progress,7.2.49,1
@nativescript-community/ui-material-ripple,"7.2.49, 7.2.72, 7.2.73, 7.2.74, 7.2.75",5
@nativescript-community/ui-material-slider,7.2.49,1
@nativescript-community/ui-material-snackbar,7.2.49,1
@nativescript-community/ui-material-tabs,"7.2.49, 7.2.72, 7.2.73, 7.2.74, 7.2.75",5
@nativescript-community/ui-material-textfield,7.2.49,1
@nativescript-community/ui-material-textview,7.2.49,1
@nativescript-community/ui-pager,"14.1.35, 14.1.36, 14.1.37, 14.1.38",4
@nativescript-community/ui-pulltorefresh,"2.5.4, 2.5.5, 2.5.6, 2.5.7",4
@nexe/config-manager,0.1.1,1
@nexe/eslint-config,0.1.1,1
@nexe/logger,0.1.3,1
@nstudio/angular,"20.0.4, 20.0.5, 20.0.6",3
@nstudio/focus,"20.0.4, 20.0.5, 20.0.6",3
@nstudio/nativescript-checkbox,"2.0.6, 2.0.7, 2.0.8, 2.0.9",4
@nstudio/nativescript-loading-indicator,"5.0.1, 5.0.2, 5.0.3, 5.0.4",4
@nstudio/ui-collectionview,"5.1.11, 5.1.12, 5.1.13, 5.1.14",4
@nstudio/web,20.0.4,1
@nstudio/web-angular,20.0.4,1
@nstudio/xplat,"20.0.4, 20.0.5, 20.0.6, 20.0.7",4
@nstudio/xplat-utils,"20.0.4, 20.0.5, 20.0.6, 20.0.7",4
@operato/board,"9.0.35, 9.0.36, 9.0.37, 9.0.38, 9.0.39, 9.0.40, 9.0.41, 9.0.42, 9.0.43, 9.0.44, 9.0.45, 9.0.46, 9.0.47, 9.0.48, 9.0.49, 9.0.50, 9.0.51",17
@operato/data-grist,"9.0.29, 9.0.35, 9.0.36, 9.0.37",4
@operato/graphql,"9.0.22, 9.0.35, 9.0.36, 9.0.37, 9.0.38, 9.0.39, 9.0.40, 9.0.41, 9.0.42, 9.0.43, 9.0.44, 9.0.45, 9.0.46, 9.0.47, 9.0.48, 9.0.49, 9.0.50, 9.0.51",18
@operato/headroom,"9.0.2, 9.0.35, 9.0.36, 9.0.37",4
@operato/help,"9.0.35, 9.0.36, 9.0.37, 9.0.38, 9.0.39, 9.0.40, 9.0.41, 9.0.42, 9.0.43, 9.0.44, 9.0.45, 9.0.46, 9.0.47, 9.0.48, 9.0.49, 9.0.50, 9.0.51",17
@operato/i18n,"9.0.35, 9.0.36, 9.0.37",3
@operato/input,"9.0.27, 9.0.35, 9.0.36, 9.0.37, 9.0.38, 9.0.39, 9.0.40, 9.0.41, 9.0.42, 9.0.43, 9.0.44, 9.0.45, 9.0.46, 9.0.47, 9.0.48",15
@operato/layout,"9.0.35, 9.0.36, 9.0.37",3
@operato/popup,"9.0.22, 9.0.35, 9.0.36, 9.0.37, 9.0.38, 9.0.39, 9.0.40, 9.0.41, 9.0.42, 9.0.43, 9.0.44, 9.0.45, 9.0.46, 9.0.47, 9.0.48, 9.0.49, 9.0.50, 9.0.51",18
@operato/pull-to-refresh,"9.0.35, 9.0.36, 9.0.37, 9.0.38, 9.0.39, 9.0.40, 9.0.41, 9.0.42, 9.0.43, 9.0.44, 9.0.45, 9.0.46, 9.0.47",13
@operato/shell,"9.0.22, 9.0.35, 9.0.36, 9.0.37, 9.0.38, 9.0.39",6
@operato/styles,"9.0.2, 9.0.35, 9.0.36, 9.0.37",4
@operato/utils,"9.0.22, 9.0.35, 9.0.36, 9.0.37, 9.0.38, 9.0.39, 9.0.40, 9.0.41, 9.0.42, 9.0.43, 9.0.44, 9.0.45, 9.0.46, 9.0.47, 9.0.48, 9.0.49, 9.0.50, 9.0.51",18
@rxap/ngx-bootstrap,"19.0.3, 19.0.4",2
@teselagen/bio-parsers,"0.4.29, 0.4.30",2
@teselagen/bounce-loader,"0.3.16, 0.3.17",2
@teselagen/file-utils,"0.3.21, 0.3.22",2
@teselagen/liquibase-tools,0.4.1,1
@teselagen/ove,"0.7.39, 0.7.40",2
@teselagen/range-utils,"0.3.14, 0.3.15",2
@teselagen/react-list,"0.8.19, 0.8.20",2
@teselagen/react-table,"6.10.19, 6.10.20, 6.10.21, 6.10.22",4
@teselagen/sequence-utils,"0.3.33, 0.3.34",2
@teselagen/ui,"0.9.9, 0.9.10",2
@thangved/callback-window,1.1.4,1
@things-factory/attachment-base,"9.0.42, 9.0.43, 9.0.44, 9.0.45, 9.0.46, 9.0.47, 9.0.48, 9.0.49, 9.0.50, 9.0.51, 9.0.52, 9.0.53, 9.0.54, 9.0.55",14
@things-factory/auth-base,"9.0.42, 9.0.43, 9.0.44, 9.0.45",4
@things-factory/email-base,"9.0.42, 9.0.43, 9.0.44, 9.0.45, 9.0.46, 9.0.47, 9.0.48, 9.0.49, 9.0.50, 9.0.51, 9.0.52, 9.0.53, 9.0.54, 9.0.55, 9.0.56, 9.0.57, 9.0.58, 9.0.59",18
@things-factory/env,"9.0.42, 9.0.43, 9.0.44, 9.0.45",4
@things-factory/integration-base,"9.0.42, 9.0.43, 9.0.44, 9.0.45",4
@things-factory/integration-marketplace,"9.0.42, 9.0.43, 9.0.44, 9.0.45",4
@things-factory/shell,"9.0.42, 9.0.43, 9.0.44, 9.0.45",4
@tnf-dev/api,1.0.8,1
@tnf-dev/core,1.0.8,1
@tnf-dev/js,1.0.8,1
@tnf-dev/mui,1.0.8,1
@tnf-dev/react,1.0.8,1
@ui-ux-gang/devextreme-angular-rpk,24.1.7,1
@ui-ux-gang/devextreme-rpk,24.1.7,1
@yoobic/design-system,6.5.17,1
@yoobic/jpeg-camera-es6,1.0.13,1
@yoobic/yobi,8.7.53,1
ace-colorpicker-rpk,0.0.14,1
airchief,0.3.1,1
airpilot,0.8.8,1
angulartics2,"14.1.1, 14.1.2",2
another-shai,1.0.1,1
ansi-regex,6.2.1,1
ansi-styles,6.2.2,1
backslash,0.2.1,1
browser-webdriver-downloader,3.0.8,1
capacitor-notificationhandler,"0.0.2, 0.0.3",2
capacitor-plugin-healthapp,"0.0.2, 0.0.3",2
capacitor-plugin-ihealth,"1.1.8, 1.1.9",2
capacitor-plugin-vonage,"1.0.2, 1.0.3",2
capacitorandroidpermissions,"0.0.4, 0.0.5",2
chalk,5.6.1,1
chalk-template,1.1.1,1
color-convert,3.1.1,1
color-name,2.0.1,1
color-string,2.1.1,1
config-cordova,0.8.5,1
cordova-plugin-voxeet2,1.0.24,1
cordova-voxeet,1.0.32,1
create-hest-app,0.1.9,1
db-evo,"1.1.4, 1.1.5",2
debug,4.4.2,1
devextreme-angular-rpk,21.2.8,1
devextreme-rpk,21.2.8,1
duckdb,1.3.3,1
ember-browser-services,"5.0.2, 5.0.3",2
ember-headless-form,"1.1.2, 1.1.3",2
ember-headless-form-yup,1.0.1,1
ember-headless-table,"2.1.5, 2.1.6",2
ember-url-hash-polyfill,"1.0.12, 1.0.13",2
ember-velcro,"2.2.1, 2.2.2",2
encounter-playground,"0.0.2, 0.0.3, 0.0.4, 0.0.5",4
error-ex,1.3.3,1
eslint-config-crowdstrike,"11.0.2, 11.0.3",2
eslint-config-crowdstrike-node,"4.0.3, 4.0.4",2
eslint-config-teselagen,"6.1.7, 6.1.8",2
globalize-rpk,1.7.4,1
graphql-sequelize-teselagen,"5.3.8, 5.3.9",2
has-ansi,6.0.1,1
html-to-base64-image,1.0.2,1
is-arrayish,0.3.3,1
json-rules-engine-simplified,"0.2.1, 0.2.2, 0.2.3, 0.2.4",4
jumpgate,0.0.2,1
koa2-swagger-ui,"5.11.1, 5.11.2",2
mcfly-semantic-release,1.3.1,1
mcp-knowledge-base,0.0.2,1
mcp-knowledge-graph,1.2.1,1
mobioffice-cli,1.0.3,1
monorepo-next,"13.0.1, 13.0.2",2
mstate-angular,0.4.4,1
mstate-cli,0.4.7,1
mstate-dev-react,1.1.1,1
mstate-react,1.6.5,1
ng-imports-checker,"0.0.9, 0.0.10",2
ng2-file-upload,"7.0.2, 7.0.3, 8.0.1, 8.0.2, 8.0.3, 9.0.1",6
ngx-bootstrap,"18.1.4, 19.0.3, 19.0.4, 20.0.3, 20.0.4, 20.0.5, 20.0.6",7
ngx-color,"10.0.1, 10.0.2",2
ngx-toastr,"19.0.1, 19.0.2",2
ngx-trend,8.0.1,1
ngx-ws,"1.1.5, 1.1.6",2
oradm-to-gql,"35.0.14, 35.0.15",2
oradm-to-sqlz,"1.1.2, 1.1.3, 1.1.4, 1.1.5",4
ove-auto-annotate,"0.0.9, 0.0.10",2
pm2-gelf-json,"1.0.4, 1.0.5",2
prebid,"10.9.1, 10.9.2",2
printjs-rpk,1.6.1,1
proto-tinker-wc,0.1.87,1
react-complaint-image,"0.0.32, 0.0.33, 0.0.34, 0.0.35",4
react-jsonschema-form-conditionals,"0.3.18, 0.3.19, 0.3.20, 0.3.21",4
react-jsonschema-form-extras,"1.0.1, 1.0.2, 1.0.3, 1.0.4",4
react-jsonschema-rxnt-extras,"0.4.6, 0.4.7, 0.4.8, 0.4.9",4
remark-preset-lint-crowdstrike,"4.0.1, 4.0.2",2
rxnt-authentication,"0.0.3, 0.0.4, 0.0.5, 0.0.6",4
rxnt-healthchecks-nestjs,"1.0.2, 1.0.3, 1.0.4, 1.0.5",4
rxnt-kue,"1.0.4, 1.0.5, 1.0.6, 1.0.7",4
simple-swizzle,0.2.3,1
slice-ansi,7.1.1,1
slint-config-teselagen,6.1.7,1
strip-ansi,7.1.1,1
supports-color,10.2.1,1
supports-hyperlinks,4.1.1,1
swc-plugin-component-annotate,"1.9.1, 1.9.2",2
tbssnch,1.0.2,1
teselagen-interval-tree,1.1.2,1
tg-client-query-builder,"2.14.4, 2.14.5",2
tg-redbird,"1.3.1, 1.3.2",2
tg-seq-gen,"1.0.9, 1.0.10",2
thangved-react-grid,1.0.3,1
ts-gaussian,"3.0.5, 3.0.6",2
ts-imports,"1.0.1, 1.0.2",2
tvi-cli,0.1.5,1
ve-bamreader,"0.2.6, 0.2.7",2
ve-editor,"1.0.1, 1.0.2",2
verror-extra,6.0.1,1
voip-callkit,"1.0.2, 1.0.3",2
wdio-web-reporter,0.1.3,1
wrap-ansi,9.0.1,1
yargs-help-output,5.0.3,1
yoo-styles,6.0.326,1
